Production Line,Machine ID,Shift,Date,Units Produced,Defect Rate,Downtime Minutes
Line D,M-107,Morning,2023-06-01,96,4.35,75
Line C,M-105,Afternoon,2023-06-01,108,1.29,28
Line A,M-100,Morning,2023-06-01,332,2.59,51
Line B,M-107,Night,2023-06-01,506,3.18,4
Line A,M-102,Morning,2023-06-01,418,3.33,81
Line D,M-104,Morning,2023-06-01,105,3.67,1
Line C,M-106,Night,2023-06-02,492,3.16,8
Line A,M-106,Morning,2023-06-02,449,3.38,74
Line A,M-106,Morning,2023-06-02,202,3.23,13
Line C,M-106,Night,2023-06-02,591,4.47,83
Line A,M-105,Afternoon,2023-06-02,435,0.27,30
Line A,M-107,Morning,2023-06-02,186,3.63,62
Line A,M-104,Afternoon,2023-06-03,235,3.03,89
Line A,M-107,Afternoon,2023-06-03,388,6.62,57
Line B,M-106,Afternoon,2023-06-03,177,3.2,79
Line C,M-106,Afternoon,2023-06-03,249,7.45,79
Line A,M-104,Morning,2023-06-03,265,5.74,34
Line A,M-102,Night,2023-06-03,510,1.09,74
Line D,M-104,Morning,2023-06-04,156,4.16,65
Line A,M-100,Afternoon,2023-06-04,220,6.28,78
Line B,M-102,Afternoon,2023-06-04,360,2.07,54
Line C,M-102,Afternoon,2023-06-04,342,0.0,32
Line D,M-106,Afternoon,2023-06-04,553,2.79,45
Line A,M-106,Night,2023-06-04,297,2.68,23
Line B,M-106,Afternoon,2023-06-05,551,3.5,42
Line C,M-101,Morning,2023-06-05,285,1.37,18
Line D,M-107,Afternoon,2023-06-05,342,3.1,3
Line C,M-105,Afternoon,2023-06-05,448,6.94,29
Line B,M-103,Night,2023-06-05,195,4.08,71
Line B,M-106,Afternoon,2023-06-05,440,3.37,20
Line C,M-101,Afternoon,2023-06-06,218,1.5,16
Line D,M-102,Night,2023-06-06,492,1.45,45
Line D,M-102,Morning,2023-06-06,106,1.8,10
Line A,M-105,Afternoon,2023-06-06,569,1.89,61
Line A,M-104,Morning,2023-06-06,131,1.93,74
Line C,M-107,Afternoon,2023-06-06,387,2.95,76
Line D,M-107,Morning,2023-06-07,213,4.99,3
Line B,M-105,Afternoon,2023-06-07,173,4.04,67
Line A,M-105,Night,2023-06-07,468,0.27,29
Line B,M-107,Night,2023-06-07,388,2.26,77
Line D,M-104,Afternoon,2023-06-07,378,3.09,83
Line B,M-105,Afternoon,2023-06-07,578,2.41,65
Line A,M-104,Night,2023-06-08,520,1.47,24
Line C,M-100,Night,2023-06-08,258,5.55,40
Line A,M-105,Night,2023-06-08,96,0.0,0
Line A,M-104,Morning,2023-06-08,593,3.31,73
Line C,M-102,Night,2023-06-08,517,2.2,60
Line C,M-104,Afternoon,2023-06-08,411,2.34,55
Line B,M-106,Night,2023-06-09,547,4.7,86
Line A,M-100,Night,2023-06-09,443,0.0,59
Line C,M-107,Night,2023-06-09,482,2.64,47
Line C,M-101,Morning,2023-06-09,238,3.2,62
Line A,M-100,Afternoon,2023-06-09,140,1.9,67
Line A,M-103,Night,2023-06-09,342,3.73,89
Line A,M-101,Afternoon,2023-06-10,269,2.52,41
Line C,M-100,Afternoon,2023-06-10,228,1.65,65
Line B,M-101,Morning,2023-06-10,550,2.44,75
Line B,M-101,Morning,2023-06-10,107,3.8,69
Line A,M-101,Afternoon,2023-06-10,434,3.42,26
Line D,M-107,Morning,2023-06-10,549,0.13,85
Line D,M-104,Morning,2023-06-11,370,3.12,83
Line C,M-102,Afternoon,2023-06-11,326,0.11,42
Line B,M-101,Night,2023-06-11,203,3.24,39
Line B,M-102,Morning,2023-06-11,437,1.64,65
Line A,M-106,Morning,2023-06-11,205,0.01,69
Line A,M-101,Morning,2023-06-11,342,3.14,27
Line D,M-107,Afternoon,2023-06-12,551,1.62,60
Line B,M-107,Afternoon,2023-06-12,226,2.69,4
Line A,M-106,Night,2023-06-12,246,1.25,88
Line A,M-100,Afternoon,2023-06-12,561,4.66,14
Line C,M-102,Night,2023-06-12,374,2.88,60
Line B,M-101,Night,2023-06-12,470,4.14,79
Line C,M-102,Morning,2023-06-13,316,1.46,77
Line D,M-105,Afternoon,2023-06-13,208,3.51,3
Line B,M-104,Afternoon,2023-06-13,556,1.99,27
Line B,M-105,Afternoon,2023-06-13,290,2.14,74
Line A,M-101,Morning,2023-06-13,271,1.78,42
Line B,M-101,Morning,2023-06-13,178,3.5,63
Line C,M-105,Morning,2023-06-14,110,4.68,58
Line A,M-101,Afternoon,2023-06-14,238,1.96,68
Line A,M-100,Afternoon,2023-06-14,557,2.81,3
Line A,M-100,Morning,2023-06-14,145,2.42,13
Line B,M-101,Morning,2023-06-14,513,4.47,44
Line D,M-103,Morning,2023-06-14,475,0.0,34
Line C,M-104,Afternoon,2023-06-15,580,0.0,31
Line C,M-107,Morning,2023-06-15,402,1.81,70
Line B,M-102,Morning,2023-06-15,243,6.39,29
Line A,M-107,Afternoon,2023-06-15,464,4.12,2
Line B,M-107,Morning,2023-06-15,478,1.55,83
Line A,M-100,Morning,2023-06-15,439,4.87,62
Line C,M-101,Afternoon,2023-06-16,461,3.74,28
Line A,M-104,Afternoon,2023-06-16,408,1.22,40
Line B,M-101,Morning,2023-06-16,422,4.41,50
Line A,M-106,Night,2023-06-16,85,2.34,39
Line D,M-100,Morning,2023-06-16,528,0.76,4
Line A,M-102,Morning,2023-06-16,165,3.88,45
Line B,M-105,Afternoon,2023-06-17,417,1.49,6
Line C,M-105,Night,2023-06-17,237,1.39,0
Line C,M-102,Morning,2023-06-17,248,3.81,72
Line D,M-106,Night,2023-06-17,127,3.68,19
Line A,M-100,Night,2023-06-17,157,3.27,55
Line C,M-102,Morning,2023-06-17,421,2.33,8
Line C,M-103,Night,2023-06-18,145,4.83,39
Line C,M-102,Afternoon,2023-06-18,91,1.47,14
Line C,M-100,Night,2023-06-18,589,1.29,46
Line C,M-107,Morning,2023-06-18,93,5.24,80
Line A,M-106,Night,2023-06-18,163,4.59,14
Line C,M-106,Morning,2023-06-18,597,0.0,27
Line A,M-100,Morning,2023-06-19,212,4.5,18
Line B,M-104,Night,2023-06-19,103,4.21,53
Line C,M-103,Afternoon,2023-06-19,367,3.19,72
Line B,M-105,Afternoon,2023-06-19,590,5.24,1
Line A,M-101,Afternoon,2023-06-19,265,3.87,85
Line D,M-106,Afternoon,2023-06-19,485,0.0,78
Line A,M-104,Night,2023-06-20,385,2.78,58
Line B,M-103,Night,2023-06-20,340,1.88,39
Line B,M-105,Afternoon,2023-06-20,316,2.33,21
Line C,M-101,Morning,2023-06-20,446,5.78,70
Line C,M-101,Afternoon,2023-06-20,351,2.32,20
Line A,M-105,Morning,2023-06-20,358,3.6,89
Line D,M-107,Morning,2023-06-21,533,2.42,54
Line D,M-107,Morning,2023-06-21,207,2.13,31
Line B,M-101,Morning,2023-06-21,594,1.31,25
Line A,M-102,Afternoon,2023-06-21,188,3.78,74
Line C,M-105,Afternoon,2023-06-21,482,6.96,7
Line D,M-102,Night,2023-06-21,294,2.85,51
Line A,M-106,Morning,2023-06-22,127,5.28,10
Line C,M-103,Morning,2023-06-22,361,4.31,11
Line D,M-103,Morning,2023-06-22,499,2.93,30
Line C,M-106,Night,2023-06-22,384,0.79,48
Line D,M-107,Night,2023-06-22,506,6.9,73
Line B,M-107,Afternoon,2023-06-22,169,4.95,20
Line A,M-102,Night,2023-06-23,544,2.91,21
Line C,M-101,Morning,2023-06-23,474,4.87,78
Line A,M-105,Night,2023-06-23,448,2.27,64
Line C,M-106,Night,2023-06-23,591,3.86,2
Line A,M-105,Afternoon,2023-06-23,401,0.51,67
Line C,M-101,Night,2023-06-23,335,3.96,57
Line C,M-100,Night,2023-06-24,483,2.58,10
Line C,M-102,Morning,2023-06-24,98,2.86,83
Line A,M-106,Night,2023-06-24,109,3.21,24
Line B,M-101,Morning,2023-06-24,400,3.73,2
Line B,M-100,Afternoon,2023-06-24,406,1.63,86
Line D,M-106,Morning,2023-06-24,419,1.42,22
Line C,M-102,Morning,2023-06-25,355,3.48,54
Line B,M-106,Morning,2023-06-25,552,2.03,69
Line C,M-105,Morning,2023-06-25,213,2.14,19
Line A,M-103,Morning,2023-06-25,261,3.37,51
Line A,M-106,Afternoon,2023-06-25,396,2.5,56
Line C,M-105,Morning,2023-06-25,227,1.17,47
Line A,M-100,Morning,2023-06-26,501,3.91,27
Line A,M-106,Afternoon,2023-06-26,172,2.36,27
Line C,M-101,Night,2023-06-26,404,1.95,27
Line B,M-101,Morning,2023-06-26,592,4.05,68
Line D,M-101,Morning,2023-06-26,273,4.38,72
Line D,M-101,Morning,2023-06-26,567,5.14,57
Line A,M-102,Afternoon,2023-06-27,343,1.52,25
Line A,M-103,Afternoon,2023-06-27,122,5.12,9
Line A,M-105,Afternoon,2023-06-27,98,1.49,59
Line B,M-107,Morning,2023-06-27,407,1.23,25
Line A,M-104,Morning,2023-06-27,425,4.93,49
Line D,M-102,Night,2023-06-27,561,2.11,58
Line B,M-105,Afternoon,2023-06-28,334,1.07,39
Line D,M-105,Afternoon,2023-06-28,448,3.24,51
Line B,M-106,Night,2023-06-28,301,4.02,33
Line A,M-103,Morning,2023-06-28,294,0.85,54
Line A,M-107,Afternoon,2023-06-28,271,2.4,5
Line A,M-106,Morning,2023-06-28,256,4.02,83
Line C,M-101,Afternoon,2023-06-29,213,0.0,10
Line D,M-102,Afternoon,2023-06-29,276,0.52,89
Line A,M-107,Afternoon,2023-06-29,341,1.25,31
Line B,M-102,Morning,2023-06-29,500,2.07,28
Line A,M-103,Afternoon,2023-06-29,573,3.67,11
Line B,M-105,Afternoon,2023-06-29,339,2.98,56
Line B,M-104,Afternoon,2023-06-30,565,4.93,33
Line B,M-107,Night,2023-06-30,584,5.19,32
Line A,M-106,Afternoon,2023-06-30,281,2.55,45
Line B,M-102,Afternoon,2023-06-30,138,3.21,33
Line C,M-100,Afternoon,2023-06-30,469,1.6,38
Line D,M-101,Night,2023-06-30,438,4.47,82
Line C,M-103,Morning,2023-07-01,129,4.56,66
Line C,M-103,Afternoon,2023-07-01,327,4.39,59
Line C,M-105,Afternoon,2023-07-01,534,3.6,49
Line D,M-104,Afternoon,2023-07-01,591,3.13,58
Line A,M-100,Afternoon,2023-07-01,561,2.32,38
Line D,M-104,Afternoon,2023-07-01,190,2.6,43
Line C,M-105,Morning,2023-07-02,521,0.1,4
Line B,M-104,Morning,2023-07-02,481,3.7,45
Line A,M-105,Morning,2023-07-02,81,3.08,88
Line B,M-105,Morning,2023-07-02,431,1.06,61
Line C,M-102,Afternoon,2023-07-02,310,3.91,27
Line D,M-107,Afternoon,2023-07-02,108,0.0,47
Line A,M-107,Night,2023-07-03,236,4.17,19
Line D,M-107,Night,2023-07-03,487,3.34,0
Line C,M-104,Afternoon,2023-07-03,522,0.82,84
Line C,M-103,Night,2023-07-03,542,5.74,23
Line B,M-104,Afternoon,2023-07-03,146,1.78,44
Line B,M-104,Morning,2023-07-03,547,0.11,45
Line C,M-100,Morning,2023-07-04,314,1.52,60
Line A,M-105,Night,2023-07-04,534,3.92,72
Line C,M-100,Morning,2023-07-04,516,2.48,62
Line B,M-104,Morning,2023-07-04,148,0.0,34
Line B,M-101,Morning,2023-07-04,225,2.2,13
Line A,M-103,Afternoon,2023-07-04,443,2.25,71
Line B,M-103,Afternoon,2023-07-05,254,2.46,74
Line A,M-106,Morning,2023-07-05,402,3.12,29
Line A,M-106,Afternoon,2023-07-05,580,3.4,77
Line C,M-106,Night,2023-07-05,558,4.5,24
Line B,M-105,Night,2023-07-05,389,1.52,32
Line C,M-105,Afternoon,2023-07-05,86,0.31,2
Line B,M-100,Afternoon,2023-07-06,303,3.91,23
Line C,M-104,Afternoon,2023-07-06,231,2.12,8
Line B,M-102,Morning,2023-07-06,445,0.25,33
Line A,M-107,Afternoon,2023-07-06,89,4.8,81
Line B,M-105,Afternoon,2023-07-06,438,3.34,12
Line B,M-102,Afternoon,2023-07-06,129,2.82,40
Line D,M-103,Night,2023-07-07,595,1.31,51
Line C,M-105,Night,2023-07-07,188,5.78,17
Line C,M-100,Night,2023-07-07,485,1.74,78
Line B,M-100,Night,2023-07-07,234,1.67,51
Line A,M-101,Night,2023-07-07,144,1.99,15
Line D,M-104,Afternoon,2023-07-07,319,3.7,32
Line A,M-100,Afternoon,2023-07-08,337,0.57,61
Line C,M-100,Afternoon,2023-07-08,419,1.21,84
Line B,M-107,Morning,2023-07-08,88,6.11,80
Line C,M-102,Morning,2023-07-08,317,0.0,43
Line A,M-104,Morning,2023-07-08,323,1.13,26
Line C,M-101,Morning,2023-07-08,306,2.74,15
Line A,M-100,Morning,2023-07-09,588,2.1,63
Line D,M-104,Afternoon,2023-07-09,493,3.91,80
Line A,M-102,Morning,2023-07-09,471,0.0,51
Line C,M-104,Afternoon,2023-07-09,311,1.35,0
Line B,M-102,Morning,2023-07-09,104,0.77,30
Line A,M-101,Morning,2023-07-09,498,0.55,47
Line B,M-106,Morning,2023-07-10,479,4.36,74
Line D,M-102,Afternoon,2023-07-10,218,0.0,54
Line B,M-106,Morning,2023-07-10,566,0.6,46
Line C,M-107,Afternoon,2023-07-10,277,1.55,39
Line C,M-104,Morning,2023-07-10,469,0.32,10
Line D,M-103,Morning,2023-07-10,452,3.39,49
Line C,M-102,Morning,2023-07-11,273,0.3,59
Line C,M-100,Morning,2023-07-11,429,5.85,37
Line D,M-101,Night,2023-07-11,122,4.16,15
Line B,M-101,Morning,2023-07-11,174,4.42,25
Line B,M-107,Afternoon,2023-07-11,224,3.66,12
Line A,M-104,Morning,2023-07-11,574,1.56,27
Line B,M-105,Night,2023-07-12,368,0.39,44
Line D,M-101,Night,2023-07-12,92,0.72,40
Line A,M-105,Morning,2023-07-12,250,2.22,86
Line B,M-102,Morning,2023-07-12,459,0.35,36
Line B,M-107,Night,2023-07-12,174,2.63,78
Line A,M-103,Morning,2023-07-12,256,5.64,78
Line B,M-104,Night,2023-07-13,190,0.25,69
Line D,M-105,Morning,2023-07-13,221,0.0,5
Line B,M-107,Afternoon,2023-07-13,486,4.16,38
Line C,M-105,Afternoon,2023-07-13,146,2.65,62
Line A,M-106,Morning,2023-07-13,361,1.12,40
Line B,M-103,Afternoon,2023-07-13,443,1.47,81
Line C,M-104,Afternoon,2023-07-14,289,3.84,15
Line A,M-104,Afternoon,2023-07-14,398,3.26,3
Line A,M-102,Afternoon,2023-07-14,537,1.06,45
Line A,M-101,Night,2023-07-14,508,0.41,1
Line A,M-106,Afternoon,2023-07-14,358,6.19,85
Line A,M-101,Morning,2023-07-14,534,4.12,0
Line C,M-104,Night,2023-07-15,337,4.42,82
Line B,M-101,Morning,2023-07-15,368,1.87,23
Line D,M-106,Morning,2023-07-15,336,1.19,13
Line B,M-105,Morning,2023-07-15,156,3.85,50
Line C,M-101,Night,2023-07-15,360,3.21,50
Line A,M-105,Afternoon,2023-07-15,276,0.35,35
Line A,M-106,Morning,2023-07-16,558,3.92,89
Line D,M-105,Afternoon,2023-07-16,297,3.51,89
Line C,M-100,Night,2023-07-16,455,1.29,40
Line A,M-102,Afternoon,2023-07-16,276,0.0,45
Line D,M-107,Morning,2023-07-16,489,1.06,49
Line B,M-100,Night,2023-07-16,544,6.1,6
Line B,M-106,Night,2023-07-17,352,2.29,75
Line A,M-101,Night,2023-07-17,407,2.76,17
Line A,M-102,Afternoon,2023-07-17,144,2.4,5
Line C,M-100,Night,2023-07-17,542,1.33,52
Line B,M-106,Morning,2023-07-17,587,1.84,30
Line D,M-100,Night,2023-07-17,598,1.87,45
Line C,M-107,Night,2023-07-18,472,0.23,88
Line C,M-107,Night,2023-07-18,483,3.4,22
Line C,M-107,Night,2023-07-18,511,3.67,68
Line C,M-107,Afternoon,2023-07-18,402,2.26,52
Line B,M-102,Night,2023-07-18,453,0.75,86
Line B,M-100,Morning,2023-07-18,96,0.0,19
Line A,M-106,Morning,2023-07-19,557,6.29,31
Line A,M-104,Morning,2023-07-19,80,2.63,46
Line C,M-105,Afternoon,2023-07-19,370,2.32,46
Line B,M-102,Morning,2023-07-19,85,5.2,46
Line D,M-103,Night,2023-07-19,514,3.85,38
Line A,M-101,Night,2023-07-19,264,3.02,89
Line C,M-105,Night,2023-07-20,277,5.86,59
Line A,M-101,Morning,2023-07-20,508,5.82,51
Line A,M-101,Morning,2023-07-20,131,2.17,61
Line B,M-107,Morning,2023-07-20,432,2.72,16
Line C,M-100,Night,2023-07-20,336,3.82,31
Line A,M-107,Morning,2023-07-20,545,3.78,41
Line D,M-100,Morning,2023-07-21,500,3.23,65
Line B,M-104,Afternoon,2023-07-21,147,2.37,67
Line A,M-103,Morning,2023-07-21,403,1.57,13
Line C,M-106,Morning,2023-07-21,346,4.41,47
Line C,M-104,Night,2023-07-21,265,2.96,44
Line C,M-104,Night,2023-07-21,567,1.71,35
Line C,M-106,Morning,2023-07-22,451,4.23,42
Line C,M-104,Morning,2023-07-22,553,3.78,15
Line B,M-100,Morning,2023-07-22,103,1.85,0
Line D,M-106,Afternoon,2023-07-22,344,2.2,20
Line A,M-103,Night,2023-07-22,354,2.56,84
Line B,M-100,Afternoon,2023-07-22,228,2.24,61
Line B,M-107,Morning,2023-07-23,95,1.19,38
Line C,M-101,Night,2023-07-23,388,1.34,11
Line C,M-100,Morning,2023-07-23,314,2.96,36
Line B,M-100,Night,2023-07-23,388,5.23,37
Line C,M-107,Afternoon,2023-07-23,226,0.0,11
Line A,M-102,Afternoon,2023-07-23,489,5.55,17
Line B,M-105,Afternoon,2023-07-24,223,1.43,20
Line B,M-103,Afternoon,2023-07-24,303,2.07,27
Line D,M-106,Night,2023-07-24,342,0.0,61
Line A,M-104,Morning,2023-07-24,313,0.0,39
Line A,M-107,Night,2023-07-24,291,1.64,26
Line C,M-101,Night,2023-07-24,202,3.26,18
Line C,M-102,Night,2023-07-25,326,0.0,76
Line D,M-105,Morning,2023-07-25,385,0.0,13
Line D,M-105,Afternoon,2023-07-25,547,0.0,70
Line A,M-104,Morning,2023-07-25,454,1.29,38
Line C,M-103,Afternoon,2023-07-25,531,0.0,14
Line A,M-101,Afternoon,2023-07-25,326,2.1,85
Line C,M-107,Night,2023-07-26,154,0.0,67
Line C,M-105,Morning,2023-07-26,420,5.89,24
Line A,M-106,Night,2023-07-26,498,3.39,8
Line D,M-102,Morning,2023-07-26,460,3.05,16
Line D,M-100,Morning,2023-07-26,401,1.66,47
Line B,M-107,Night,2023-07-26,165,3.2,15
Line B,M-106,Morning,2023-07-27,296,0.28,40
Line C,M-106,Morning,2023-07-27,499,1.71,78
Line D,M-101,Morning,2023-07-27,322,3.79,86
Line C,M-102,Morning,2023-07-27,105,1.18,62
Line B,M-105,Night,2023-07-27,123,4.0,6
Line C,M-102,Afternoon,2023-07-27,459,4.07,65
Line B,M-106,Night,2023-07-28,575,4.21,11
Line B,M-104,Morning,2023-07-28,486,3.98,2
Line A,M-102,Afternoon,2023-07-28,239,0.27,43
Line C,M-100,Night,2023-07-28,410,2.74,55
Line B,M-100,Afternoon,2023-07-28,567,3.05,20
Line D,M-102,Afternoon,2023-07-28,331,0.59,1
Line D,M-104,Morning,2023-07-29,165,3.93,77
Line B,M-107,Morning,2023-07-29,165,0.78,65
Line A,M-103,Night,2023-07-29,450,4.5,61
Line C,M-103,Afternoon,2023-07-29,183,2.23,85
Line A,M-103,Night,2023-07-29,394,3.28,58
Line C,M-107,Afternoon,2023-07-29,319,0.7,26
Line C,M-106,Morning,2023-07-30,571,0.91,68
Line C,M-104,Night,2023-07-30,490,2.2,73
Line A,M-104,Afternoon,2023-07-30,321,2.87,81
Line A,M-102,Morning,2023-07-30,124,6.97,87
Line D,M-105,Morning,2023-07-30,280,2.15,35
Line A,M-100,Morning,2023-07-30,515,2.5,22
Line A,M-100,Afternoon,2023-07-31,523,4.91,10
Line C,M-107,Morning,2023-07-31,159,3.81,25
Line C,M-105,Afternoon,2023-07-31,392,2.4,12
Line A,M-105,Night,2023-07-31,452,5.87,79
Line C,M-104,Afternoon,2023-07-31,126,5.12,55
Line A,M-105,Morning,2023-07-31,368,1.98,6
Line A,M-106,Afternoon,2023-08-01,247,2.96,10
Line B,M-106,Morning,2023-08-01,398,0.0,77
Line D,M-107,Night,2023-08-01,97,0.37,12
Line B,M-103,Afternoon,2023-08-01,518,3.47,7
Line C,M-104,Afternoon,2023-08-01,106,2.88,28
Line A,M-103,Night,2023-08-01,150,1.05,8
Line A,M-105,Morning,2023-08-02,390,2.8,1
Line B,M-101,Night,2023-08-02,361,0.39,3
Line D,M-100,Morning,2023-08-02,535,0.31,1
Line C,M-107,Night,2023-08-02,361,1.65,21
Line B,M-107,Afternoon,2023-08-02,309,2.89,84
Line D,M-107,Morning,2023-08-02,597,1.06,20
Line A,M-107,Night,2023-08-03,568,1.28,18
Line D,M-102,Morning,2023-08-03,446,0.88,49
Line B,M-106,Afternoon,2023-08-03,391,0.17,84
Line D,M-103,Afternoon,2023-08-03,473,2.33,62
Line A,M-101,Afternoon,2023-08-03,532,0.94,47
Line D,M-101,Afternoon,2023-08-03,538,1.34,53
Line A,M-107,Afternoon,2023-08-04,432,1.73,81
Line A,M-102,Afternoon,2023-08-04,550,3.88,16
Line D,M-101,Night,2023-08-04,279,0.0,34
Line B,M-105,Morning,2023-08-04,558,3.03,56
Line A,M-103,Morning,2023-08-04,501,4.82,2
Line C,M-100,Night,2023-08-04,444,3.0,84
Line B,M-101,Afternoon,2023-08-05,188,1.03,14
Line A,M-103,Morning,2023-08-05,235,7.3,40
Line B,M-101,Morning,2023-08-05,408,2.49,39
Line B,M-106,Night,2023-08-05,143,1.34,24
Line B,M-106,Afternoon,2023-08-05,356,5.47,8
Line C,M-101,Night,2023-08-05,329,2.15,88
Line B,M-102,Night,2023-08-06,265,4.09,32
Line A,M-104,Afternoon,2023-08-06,513,3.77,31
Line A,M-105,Morning,2023-08-06,101,2.44,9
Line A,M-102,Afternoon,2023-08-06,177,0.69,26
Line D,M-106,Night,2023-08-06,595,2.83,40
Line A,M-104,Night,2023-08-06,190,0.0,24
Line A,M-100,Morning,2023-08-07,228,2.8,71
Line C,M-106,Night,2023-08-07,458,1.78,27
Line B,M-107,Afternoon,2023-08-07,595,2.59,58
Line A,M-105,Morning,2023-08-07,183,2.89,72
Line A,M-102,Afternoon,2023-08-07,298,5.49,29
Line A,M-105,Afternoon,2023-08-07,533,2.09,52
Line A,M-106,Afternoon,2023-08-08,285,3.04,70
Line C,M-101,Afternoon,2023-08-08,149,3.6,0
Line C,M-104,Afternoon,2023-08-08,174,0.0,40
Line A,M-102,Night,2023-08-08,481,2.92,70
Line B,M-104,Afternoon,2023-08-08,256,2.25,18
Line B,M-100,Afternoon,2023-08-08,330,2.16,11
Line B,M-106,Night,2023-08-09,595,3.13,29
Line B,M-103,Afternoon,2023-08-09,236,0.22,74
Line B,M-106,Night,2023-08-09,584,0.0,47
Line A,M-107,Afternoon,2023-08-09,153,2.75,50
Line B,M-101,Afternoon,2023-08-09,556,0.42,80
Line B,M-107,Night,2023-08-09,567,2.91,89
Line B,M-107,Morning,2023-08-10,174,2.18,11
Line B,M-105,Morning,2023-08-10,146,2.82,22
Line B,M-103,Afternoon,2023-08-10,255,0.73,22
Line A,M-102,Afternoon,2023-08-10,585,1.97,84
Line B,M-107,Night,2023-08-10,534,2.37,31
Line C,M-101,Morning,2023-08-10,370,4.54,10
Line A,M-101,Morning,2023-08-11,125,0.0,45
Line B,M-106,Afternoon,2023-08-11,208,2.23,31
Line C,M-101,Afternoon,2023-08-11,486,4.23,26
Line C,M-105,Morning,2023-08-11,273,3.29,84
Line B,M-107,Morning,2023-08-11,566,3.04,8
Line A,M-106,Morning,2023-08-11,433,2.99,17
Line B,M-102,Night,2023-08-12,324,2.79,82
Line A,M-101,Night,2023-08-12,398,4.27,12
Line B,M-103,Afternoon,2023-08-12,454,1.33,72
Line A,M-101,Afternoon,2023-08-12,166,0.68,83
Line B,M-105,Afternoon,2023-08-12,512,0.0,61
Line A,M-105,Night,2023-08-12,125,4.85,60
Line C,M-104,Night,2023-08-13,369,3.99,31
Line B,M-105,Afternoon,2023-08-13,468,0.0,69
Line A,M-100,Night,2023-08-13,353,0.0,3
Line B,M-106,Afternoon,2023-08-13,486,1.07,77
Line D,M-107,Night,2023-08-13,454,4.73,84
Line D,M-100,Morning,2023-08-13,120,4.57,8
Line C,M-102,Afternoon,2023-08-14,259,0.86,8
Line A,M-107,Night,2023-08-14,211,4.13,41
Line A,M-100,Afternoon,2023-08-14,236,5.05,36
Line A,M-103,Afternoon,2023-08-14,514,3.04,85
Line D,M-101,Afternoon,2023-08-14,278,1.1,50
Line D,M-104,Afternoon,2023-08-14,187,5.06,28
Line B,M-104,Afternoon,2023-08-15,251,1.97,50
Line B,M-100,Morning,2023-08-15,114,4.71,67
Line B,M-103,Night,2023-08-15,466,3.92,47
Line D,M-100,Morning,2023-08-15,244,1.74,35
Line C,M-107,Afternoon,2023-08-15,313,2.26,78
Line A,M-100,Night,2023-08-15,242,3.73,66
Line D,M-101,Morning,2023-08-16,401,4.05,52
Line A,M-106,Afternoon,2023-08-16,368,2.79,0
Line A,M-102,Afternoon,2023-08-16,150,5.21,44
Line D,M-104,Morning,2023-08-16,125,6.29,19
Line A,M-106,Morning,2023-08-16,576,0.06,89
Line C,M-107,Afternoon,2023-08-16,435,1.98,58
Line A,M-106,Night,2023-08-17,585,3.11,3
Line B,M-104,Afternoon,2023-08-17,532,3.32,79
Line C,M-103,Afternoon,2023-08-17,245,1.41,28
Line A,M-106,Afternoon,2023-08-17,154,5.14,63
Line A,M-104,Morning,2023-08-17,205,2.02,8
Line A,M-104,Night,2023-08-17,206,4.06,80
Line D,M-101,Morning,2023-08-18,448,5.62,4
Line C,M-105,Morning,2023-08-18,505,1.91,11
Line B,M-104,Afternoon,2023-08-18,172,4.2,63
Line B,M-101,Morning,2023-08-18,371,3.71,17
Line D,M-106,Morning,2023-08-18,276,2.5,16
Line C,M-105,Night,2023-08-18,94,3.22,39
Line B,M-103,Afternoon,2023-08-19,569,1.42,64
Line B,M-104,Night,2023-08-19,324,3.39,26
Line A,M-102,Night,2023-08-19,85,2.53,41
Line C,M-106,Morning,2023-08-19,351,0.72,24
Line C,M-105,Morning,2023-08-19,122,1.42,77
Line A,M-102,Morning,2023-08-19,163,4.95,0
Line D,M-102,Afternoon,2023-08-20,194,2.49,72
Line B,M-102,Afternoon,2023-08-20,520,3.59,23
Line A,M-104,Night,2023-08-20,471,2.45,55
Line B,M-106,Morning,2023-08-20,599,4.0,22
Line C,M-102,Morning,2023-08-20,436,5.32,19
Line C,M-104,Night,2023-08-20,303,2.41,45
Line C,M-107,Night,2023-08-21,495,1.42,72
Line A,M-101,Night,2023-08-21,310,3.81,63
Line C,M-102,Night,2023-08-21,317,1.38,35
Line A,M-106,Afternoon,2023-08-21,521,3.05,81
Line C,M-107,Night,2023-08-21,366,2.85,67
Line A,M-107,Morning,2023-08-21,456,1.5,68
Line C,M-106,Night,2023-08-22,224,3.63,85
Line D,M-106,Afternoon,2023-08-22,276,1.67,24
Line B,M-103,Afternoon,2023-08-22,411,1.67,70
Line D,M-103,Morning,2023-08-22,499,2.94,41
Line B,M-106,Morning,2023-08-22,142,2.34,4
Line D,M-101,Morning,2023-08-22,335,4.28,46
Line B,M-101,Afternoon,2023-08-23,146,1.98,57
Line D,M-101,Afternoon,2023-08-23,376,3.0,12
Line D,M-105,Afternoon,2023-08-23,432,5.43,53
Line B,M-101,Morning,2023-08-23,233,2.77,88
Line D,M-107,Morning,2023-08-23,546,4.91,70
Line C,M-106,Night,2023-08-23,153,1.37,25
Line B,M-102,Morning,2023-08-24,281,2.78,65
Line C,M-101,Morning,2023-08-24,386,2.0,10
Line A,M-102,Afternoon,2023-08-24,493,4.52,13
Line A,M-101,Morning,2023-08-24,192,1.89,88
Line D,M-104,Morning,2023-08-24,223,3.01,25
Line C,M-101,Afternoon,2023-08-24,525,2.64,45
Line D,M-103,Morning,2023-08-25,432,3.13,34
Line D,M-105,Afternoon,2023-08-25,455,0.57,20
Line A,M-106,Morning,2023-08-25,239,1.93,15
Line B,M-105,Morning,2023-08-25,387,1.02,7
Line B,M-101,Night,2023-08-25,417,4.53,89
Line C,M-100,Morning,2023-08-25,142,0.93,74
Line A,M-107,Morning,2023-08-26,204,3.65,53
Line B,M-104,Afternoon,2023-08-26,382,3.47,67
Line B,M-102,Morning,2023-08-26,426,2.43,39
Line C,M-100,Morning,2023-08-26,386,0.0,47
Line A,M-102,Night,2023-08-26,539,0.98,44
Line B,M-103,Night,2023-08-26,203,4.14,11
Line C,M-102,Afternoon,2023-08-27,174,1.56,59
Line D,M-105,Morning,2023-08-27,393,2.87,23
Line A,M-101,Afternoon,2023-08-27,249,0.0,44
Line C,M-105,Morning,2023-08-27,286,3.31,76
Line D,M-103,Night,2023-08-27,81,1.24,77
Line D,M-101,Night,2023-08-27,150,2.33,58
Line A,M-101,Afternoon,2023-08-28,575,3.98,63
Line D,M-100,Morning,2023-08-28,362,1.81,47
Line A,M-105,Afternoon,2023-08-28,150,1.0,29
Line A,M-103,Night,2023-08-28,343,1.99,88
Line C,M-100,Morning,2023-08-28,157,3.87,28
Line D,M-107,Night,2023-08-28,326,5.09,5
Line B,M-106,Morning,2023-08-29,155,2.92,66
Line A,M-105,Afternoon,2023-08-29,104,5.68,5
Line D,M-100,Night,2023-08-29,147,2.89,76
Line C,M-107,Morning,2023-08-29,377,1.81,44
Line D,M-103,Morning,2023-08-29,220,1.76,59
Line A,M-106,Night,2023-08-29,508,0.0,54
Line C,M-100,Afternoon,2023-08-30,117,4.03,51
Line D,M-106,Morning,2023-08-30,198,0.69,61
Line D,M-106,Night,2023-08-30,569,3.02,66
Line C,M-100,Afternoon,2023-08-30,417,3.44,27
Line C,M-100,Afternoon,2023-08-30,369,2.37,35
Line D,M-105,Afternoon,2023-08-30,309,3.17,40
Line B,M-103,Morning,2023-08-31,289,4.71,73
Line C,M-106,Morning,2023-08-31,357,4.36,41
Line D,M-102,Morning,2023-08-31,301,0.97,84
Line D,M-106,Morning,2023-08-31,122,1.0,86
Line A,M-105,Morning,2023-08-31,490,3.27,24
Line C,M-103,Afternoon,2023-08-31,170,1.21,44
Line C,M-103,Afternoon,2023-09-01,393,2.57,43
Line C,M-101,Morning,2023-09-01,136,1.94,53
Line C,M-101,Morning,2023-09-01,572,2.9,44
Line B,M-105,Afternoon,2023-09-01,198,0.5,40
Line C,M-107,Afternoon,2023-09-01,573,2.47,66
Line A,M-106,Morning,2023-09-01,220,2.02,78
Line B,M-103,Night,2023-09-02,391,1.25,77
Line C,M-106,Afternoon,2023-09-02,509,1.89,21
Line A,M-104,Night,2023-09-02,479,2.18,53
Line A,M-102,Night,2023-09-02,392,4.17,44
Line B,M-105,Afternoon,2023-09-02,359,1.75,21
Line D,M-106,Night,2023-09-02,245,3.31,77
Line B,M-105,Morning,2023-09-03,209,5.45,38
Line A,M-101,Morning,2023-09-03,473,3.64,4
Line D,M-106,Night,2023-09-03,508,2.83,47
Line B,M-101,Afternoon,2023-09-03,280,2.01,89
Line B,M-104,Morning,2023-09-03,438,1.59,33
Line B,M-107,Night,2023-09-03,531,0.69,58
Line A,M-104,Afternoon,2023-09-04,309,0.0,74
Line C,M-103,Night,2023-09-04,338,1.67,32
Line B,M-103,Night,2023-09-04,479,1.74,42
Line B,M-100,Morning,2023-09-04,196,2.92,0
Line C,M-100,Night,2023-09-04,317,3.34,16
Line B,M-104,Afternoon,2023-09-04,545,3.28,8
Line B,M-100,Night,2023-09-05,572,3.3,48
Line B,M-105,Afternoon,2023-09-05,91,5.52,72
Line D,M-103,Morning,2023-09-05,124,3.86,0
Line A,M-100,Morning,2023-09-05,202,0.11,89
Line C,M-107,Morning,2023-09-05,149,0.0,50
Line B,M-105,Afternoon,2023-09-05,501,4.02,80
Line C,M-106,Night,2023-09-06,191,0.92,70
Line C,M-102,Afternoon,2023-09-06,533,1.42,0
Line D,M-103,Night,2023-09-06,496,4.79,79
Line D,M-104,Night,2023-09-06,169,0.5,40
Line D,M-102,Afternoon,2023-09-06,451,0.23,3
Line B,M-105,Afternoon,2023-09-06,325,0.0,52
Line A,M-106,Afternoon,2023-09-07,389,4.67,0
Line D,M-101,Afternoon,2023-09-07,253,0.0,36
Line D,M-105,Night,2023-09-07,463,0.0,1
Line D,M-101,Morning,2023-09-07,95,2.87,16
Line D,M-105,Afternoon,2023-09-07,163,2.72,76
Line C,M-104,Afternoon,2023-09-07,217,0.96,58
Line B,M-104,Night,2023-09-08,113,3.41,58
Line B,M-104,Morning,2023-09-08,241,5.36,5
Line D,M-103,Afternoon,2023-09-08,264,0.35,30
Line D,M-104,Morning,2023-09-08,111,3.44,75
Line B,M-101,Afternoon,2023-09-08,492,0.0,24
Line C,M-101,Morning,2023-09-08,410,6.62,77
Line B,M-107,Morning,2023-09-09,121,1.59,84
Line B,M-101,Morning,2023-09-09,456,0.0,23
Line A,M-103,Night,2023-09-09,195,1.8,24
Line A,M-102,Morning,2023-09-09,293,1.64,83
Line D,M-104,Night,2023-09-09,448,3.18,70
Line C,M-104,Morning,2023-09-09,263,1.78,81
Line D,M-103,Night,2023-09-10,322,2.59,40
Line D,M-100,Night,2023-09-10,450,4.45,7
Line C,M-106,Night,2023-09-10,200,3.37,61
Line B,M-101,Afternoon,2023-09-10,341,0.81,26
Line A,M-107,Morning,2023-09-10,166,1.85,57
Line C,M-103,Morning,2023-09-10,594,6.61,19
Line D,M-104,Night,2023-09-11,133,6.6,68
Line A,M-107,Morning,2023-09-11,470,1.08,48
Line A,M-100,Morning,2023-09-11,218,1.7,38
Line A,M-103,Afternoon,2023-09-11,275,4.05,53
Line B,M-103,Afternoon,2023-09-11,341,3.42,74
Line D,M-101,Morning,2023-09-11,88,3.14,56
Line C,M-102,Morning,2023-09-12,581,0.01,20
Line A,M-102,Afternoon,2023-09-12,281,0.0,21
Line D,M-103,Morning,2023-09-12,593,1.97,70
Line B,M-103,Morning,2023-09-12,119,5.22,41
Line A,M-106,Afternoon,2023-09-12,313,0.0,74
Line B,M-103,Morning,2023-09-12,596,6.08,13
Line A,M-103,Morning,2023-09-13,455,2.14,20
Line C,M-106,Morning,2023-09-13,210,1.28,79
Line A,M-104,Afternoon,2023-09-13,402,3.65,87
Line B,M-107,Afternoon,2023-09-13,340,5.91,50
Line B,M-106,Morning,2023-09-13,164,4.98,62
Line B,M-100,Morning,2023-09-13,103,5.26,9
Line B,M-103,Night,2023-09-14,340,3.16,84
Line A,M-106,Night,2023-09-14,131,4.04,72
Line C,M-100,Morning,2023-09-14,325,2.05,21
Line A,M-100,Morning,2023-09-14,358,2.05,39
Line A,M-106,Night,2023-09-14,556,5.45,77
Line D,M-107,Morning,2023-09-14,367,3.26,81
Line A,M-100,Night,2023-09-15,190,5.03,63
Line A,M-102,Night,2023-09-15,568,5.74,6
Line B,M-101,Afternoon,2023-09-15,514,3.13,85
Line C,M-106,Morning,2023-09-15,236,2.74,17
Line D,M-100,Night,2023-09-15,517,2.99,72
Line D,M-105,Afternoon,2023-09-15,326,0.4,39
Line C,M-101,Afternoon,2023-09-16,577,0.45,22
Line A,M-101,Morning,2023-09-16,188,3.03,81
Line D,M-106,Afternoon,2023-09-16,437,4.88,76
Line C,M-105,Afternoon,2023-09-16,564,0.0,65
Line C,M-101,Morning,2023-09-16,392,0.55,12
Line D,M-106,Afternoon,2023-09-16,255,1.41,64
Line C,M-102,Morning,2023-09-17,392,3.41,33
Line D,M-107,Night,2023-09-17,112,3.17,35
Line B,M-100,Night,2023-09-17,120,4.39,77
Line A,M-101,Morning,2023-09-17,81,4.17,80
Line A,M-100,Morning,2023-09-17,141,3.97,3
Line B,M-105,Night,2023-09-17,422,2.43,25
Line C,M-106,Afternoon,2023-09-18,507,1.36,48
Line D,M-100,Morning,2023-09-18,491,2.73,21
Line B,M-102,Morning,2023-09-18,472,3.25,39
Line B,M-106,Afternoon,2023-09-18,345,4.18,59
Line D,M-107,Morning,2023-09-18,216,2.94,4
Line C,M-104,Night,2023-09-18,428,2.11,17
Line A,M-100,Morning,2023-09-19,401,1.24,41
Line A,M-102,Afternoon,2023-09-19,438,1.95,58
Line B,M-107,Afternoon,2023-09-19,134,1.8,41
Line B,M-107,Afternoon,2023-09-19,399,1.01,29
Line A,M-100,Night,2023-09-19,191,1.83,34
Line B,M-106,Night,2023-09-19,524,3.47,86
Line D,M-104,Night,2023-09-20,82,1.89,58
Line A,M-105,Morning,2023-09-20,274,0.0,43
Line A,M-103,Night,2023-09-20,589,2.78,79
Line B,M-106,Night,2023-09-20,315,0.44,39
Line B,M-107,Morning,2023-09-20,437,2.53,80
Line B,M-102,Night,2023-09-20,479,3.56,19
Line A,M-102,Night,2023-09-21,104,0.24,29
Line B,M-107,Afternoon,2023-09-21,342,3.96,13
Line C,M-107,Night,2023-09-21,249,0.0,73
Line C,M-103,Night,2023-09-21,426,4.91,71
Line A,M-101,Morning,2023-09-21,182,3.59,76
Line C,M-106,Afternoon,2023-09-21,405,0.13,40
Line D,M-103,Morning,2023-09-22,268,4.54,77
Line D,M-103,Morning,2023-09-22,350,2.91,26
Line A,M-105,Afternoon,2023-09-22,294,4.17,3
Line B,M-104,Afternoon,2023-09-22,342,0.0,64
Line C,M-101,Morning,2023-09-22,293,4.75,75
Line D,M-103,Afternoon,2023-09-22,165,1.64,66
Line D,M-101,Afternoon,2023-09-23,405,5.25,13
Line D,M-107,Night,2023-09-23,502,3.59,88
Line B,M-104,Morning,2023-09-23,428,2.83,23
Line A,M-100,Afternoon,2023-09-23,370,4.1,88
Line C,M-105,Morning,2023-09-23,352,2.2,63
Line B,M-102,Afternoon,2023-09-23,165,3.96,47
Line C,M-107,Morning,2023-09-24,462,0.0,55
Line C,M-105,Night,2023-09-24,99,2.35,3
Line C,M-104,Night,2023-09-24,496,2.21,84
Line A,M-105,Night,2023-09-24,124,1.98,69
Line C,M-103,Night,2023-09-24,557,1.87,9
Line D,M-103,Afternoon,2023-09-24,557,2.72,22
Line D,M-106,Night,2023-09-25,345,1.78,22
Line D,M-105,Morning,2023-09-25,80,0.0,38
Line D,M-107,Night,2023-09-25,244,1.9,75
Line B,M-107,Morning,2023-09-25,261,3.58,49
Line C,M-101,Morning,2023-09-25,93,1.84,68
Line A,M-101,Morning,2023-09-25,479,1.39,57
Line B,M-105,Night,2023-09-26,451,1.48,67
Line C,M-107,Afternoon,2023-09-26,256,2.95,41
Line B,M-106,Afternoon,2023-09-26,111,3.48,79
Line B,M-103,Night,2023-09-26,252,0.72,80
Line C,M-101,Morning,2023-09-26,227,0.0,4
Line D,M-104,Morning,2023-09-26,576,1.19,8
Line B,M-101,Morning,2023-09-27,161,5.2,20
Line A,M-104,Morning,2023-09-27,419,0.4,22
Line B,M-105,Morning,2023-09-27,95,1.23,77
Line A,M-100,Night,2023-09-27,361,1.64,68
Line B,M-106,Morning,2023-09-27,101,0.95,32
Line D,M-100,Morning,2023-09-27,297,1.32,21
Line C,M-106,Morning,2023-09-28,102,1.39,68
Line D,M-102,Morning,2023-09-28,522,0.93,88
Line A,M-101,Morning,2023-09-28,430,2.16,48
Line B,M-100,Night,2023-09-28,324,1.47,39
Line A,M-102,Night,2023-09-28,178,2.9,72
Line C,M-106,Morning,2023-09-28,348,3.07,35
Line B,M-103,Morning,2023-09-29,520,0.0,49
Line B,M-100,Afternoon,2023-09-29,266,1.52,2
Line B,M-101,Afternoon,2023-09-29,167,3.59,81
Line B,M-103,Morning,2023-09-29,164,1.09,26
Line D,M-101,Afternoon,2023-09-29,162,1.61,82
Line B,M-104,Night,2023-09-29,515,1.43,27
Line A,M-104,Morning,2023-09-30,508,3.32,20
Line D,M-103,Afternoon,2023-09-30,528,0.86,73
Line B,M-101,Afternoon,2023-09-30,493,4.85,18
Line B,M-104,Afternoon,2023-09-30,490,0.33,59
Line C,M-103,Afternoon,2023-09-30,593,3.42,69
Line B,M-101,Morning,2023-09-30,376,0.0,78
Line A,M-102,Afternoon,2023-10-01,543,3.14,0
Line C,M-103,Afternoon,2023-10-01,454,1.62,75
Line D,M-102,Afternoon,2023-10-01,468,5.02,47
Line A,M-103,Morning,2023-10-01,356,2.22,53
Line B,M-105,Morning,2023-10-01,471,2.96,17
Line A,M-107,Night,2023-10-01,341,3.46,34
Line A,M-105,Afternoon,2023-10-02,558,1.0,40
Line B,M-103,Morning,2023-10-02,367,2.72,14
Line B,M-101,Night,2023-10-02,480,5.0,70
Line D,M-106,Morning,2023-10-02,410,1.57,35
Line B,M-101,Night,2023-10-02,528,0.34,20
Line B,M-100,Morning,2023-10-02,407,5.6,1
Line D,M-106,Night,2023-10-03,569,0.58,52
Line D,M-106,Morning,2023-10-03,152,2.05,27
Line B,M-103,Night,2023-10-03,419,5.38,17
Line A,M-100,Morning,2023-10-03,518,0.37,5
Line C,M-107,Morning,2023-10-03,470,1.73,3
Line C,M-100,Morning,2023-10-03,432,2.98,67
Line D,M-103,Afternoon,2023-10-04,528,1.24,37
Line C,M-102,Afternoon,2023-10-04,269,3.92,25
Line C,M-104,Afternoon,2023-10-04,150,0.0,21
Line B,M-107,Morning,2023-10-04,361,0.14,79
Line D,M-107,Morning,2023-10-04,298,3.22,83
Line B,M-103,Afternoon,2023-10-04,252,4.4,78
Line C,M-107,Afternoon,2023-10-05,402,5.67,73
Line B,M-104,Morning,2023-10-05,286,1.35,48
Line B,M-100,Afternoon,2023-10-05,207,3.06,17
Line C,M-104,Night,2023-10-05,226,2.92,60
Line A,M-104,Night,2023-10-05,95,2.64,40
Line C,M-100,Morning,2023-10-05,296,6.25,3
Line A,M-103,Morning,2023-10-06,281,4.15,64
Line D,M-103,Night,2023-10-06,361,1.67,75
Line A,M-101,Afternoon,2023-10-06,339,0.0,18
Line A,M-106,Afternoon,2023-10-06,241,1.85,22
Line B,M-101,Morning,2023-10-06,198,2.16,30
Line A,M-103,Afternoon,2023-10-06,197,4.15,51
Line A,M-103,Night,2023-10-07,551,4.41,46
Line D,M-105,Morning,2023-10-07,359,4.23,77
Line C,M-100,Night,2023-10-07,293,5.43,27
Line A,M-104,Afternoon,2023-10-07,513,3.86,2
Line B,M-106,Afternoon,2023-10-07,567,0.76,59
Line D,M-106,Night,2023-10-07,99,4.31,25
Line B,M-102,Night,2023-10-08,384,1.39,22
Line A,M-100,Morning,2023-10-08,393,3.49,37
Line B,M-104,Afternoon,2023-10-08,176,2.41,23
Line A,M-103,Night,2023-10-08,103,3.09,58
Line A,M-100,Afternoon,2023-10-08,124,1.38,77
Line C,M-104,Afternoon,2023-10-08,596,1.06,19
Line B,M-100,Morning,2023-10-09,82,3.53,75
Line A,M-101,Morning,2023-10-09,106,1.05,25
Line C,M-100,Morning,2023-10-09,287,2.22,19
Line B,M-105,Night,2023-10-09,84,2.88,84
Line A,M-101,Afternoon,2023-10-09,491,4.93,9
Line D,M-103,Morning,2023-10-09,516,0.69,69
Line A,M-100,Morning,2023-10-10,157,5.26,3
Line B,M-105,Afternoon,2023-10-10,177,4.81,70
Line C,M-101,Morning,2023-10-10,136,4.11,72
Line C,M-101,Morning,2023-10-10,203,0.0,7
Line A,M-106,Night,2023-10-10,106,0.83,38
Line D,M-106,Afternoon,2023-10-10,583,4.58,26
Line A,M-105,Morning,2023-10-11,295,1.0,55
Line B,M-100,Night,2023-10-11,537,4.82,48
Line B,M-100,Night,2023-10-11,225,0.0,81
Line D,M-106,Morning,2023-10-11,295,2.87,51
Line C,M-106,Night,2023-10-11,123,3.72,78
Line A,M-105,Afternoon,2023-10-11,275,2.71,79
Line C,M-105,Night,2023-10-12,291,2.27,22
Line C,M-102,Night,2023-10-12,272,3.18,70
Line C,M-100,Afternoon,2023-10-12,159,1.42,83
Line B,M-103,Afternoon,2023-10-12,181,3.43,54
Line C,M-102,Morning,2023-10-12,508,2.35,51
Line A,M-100,Night,2023-10-12,450,2.77,22
Line D,M-100,Afternoon,2023-10-13,187,1.95,69
Line B,M-101,Night,2023-10-13,238,2.31,19
Line B,M-105,Afternoon,2023-10-13,265,3.06,10
Line C,M-101,Afternoon,2023-10-13,276,2.13,66
Line C,M-103,Afternoon,2023-10-13,536,0.71,15
Line B,M-103,Morning,2023-10-13,594,0.5,60
Line B,M-104,Morning,2023-10-14,418,2.14,87
Line C,M-106,Morning,2023-10-14,369,3.23,31
Line A,M-101,Morning,2023-10-14,274,2.65,21
Line B,M-100,Morning,2023-10-14,109,0.0,14
Line C,M-101,Afternoon,2023-10-14,224,1.84,34
Line C,M-104,Morning,2023-10-14,374,0.0,48
Line A,M-104,Night,2023-10-15,443,0.94,45
Line D,M-102,Morning,2023-10-15,451,4.32,46
Line A,M-100,Night,2023-10-15,345,1.69,34
Line B,M-106,Morning,2023-10-15,573,3.19,68
Line B,M-105,Afternoon,2023-10-15,188,2.67,20
Line B,M-104,Night,2023-10-15,555,2.29,77
Line A,M-106,Morning,2023-10-16,561,2.48,10
Line B,M-101,Morning,2023-10-16,321,0.39,34
Line A,M-104,Afternoon,2023-10-16,474,0.0,6
Line C,M-106,Afternoon,2023-10-16,393,2.51,6
Line A,M-105,Morning,2023-10-16,97,2.49,54
Line B,M-100,Night,2023-10-16,328,3.19,72
Line C,M-104,Morning,2023-10-17,572,4.33,82
Line A,M-101,Morning,2023-10-17,227,4.65,48
Line A,M-100,Night,2023-10-17,113,2.85,35
Line B,M-102,Afternoon,2023-10-17,246,1.36,14
Line B,M-105,Morning,2023-10-17,273,1.59,33
Line B,M-106,Morning,2023-10-17,598,6.09,15
Line A,M-106,Night,2023-10-18,235,3.97,40
Line A,M-103,Morning,2023-10-18,414,1.68,89
Line B,M-105,Morning,2023-10-18,430,3.19,28
Line B,M-101,Night,2023-10-18,506,0.0,51
Line A,M-104,Night,2023-10-18,442,0.51,27
Line C,M-101,Afternoon,2023-10-18,455,3.08,76
Line A,M-105,Afternoon,2023-10-19,180,2.02,71
Line D,M-102,Afternoon,2023-10-19,553,6.74,89
Line A,M-101,Morning,2023-10-19,585,2.12,73
Line B,M-103,Morning,2023-10-19,398,5.22,7
Line D,M-104,Afternoon,2023-10-19,332,2.5,33
Line A,M-106,Night,2023-10-19,362,1.38,4
Line A,M-107,Morning,2023-10-20,540,0.23,45
Line C,M-103,Afternoon,2023-10-20,460,1.8,52
Line B,M-100,Afternoon,2023-10-20,168,1.52,42
Line B,M-103,Night,2023-10-20,150,0.41,63
Line B,M-105,Night,2023-10-20,298,1.31,8
Line B,M-100,Morning,2023-10-20,388,0.0,52
Line A,M-104,Afternoon,2023-10-21,406,3.77,38
Line A,M-101,Morning,2023-10-21,218,4.63,22
Line D,M-101,Afternoon,2023-10-21,209,3.49,42
Line B,M-100,Morning,2023-10-21,560,2.14,70
Line B,M-105,Morning,2023-10-21,475,6.58,72
Line A,M-100,Afternoon,2023-10-21,205,2.53,86
Line A,M-105,Night,2023-10-22,514,4.1,20
Line C,M-107,Afternoon,2023-10-22,242,1.39,18
Line C,M-101,Afternoon,2023-10-22,159,1.66,24
Line B,M-100,Afternoon,2023-10-22,375,4.46,5
Line D,M-104,Morning,2023-10-22,424,1.12,50
Line D,M-106,Afternoon,2023-10-22,312,3.3,68
Line A,M-104,Afternoon,2023-10-23,97,3.42,81
Line B,M-101,Afternoon,2023-10-23,533,0.0,18
Line A,M-102,Night,2023-10-23,250,3.68,79
Line D,M-105,Morning,2023-10-23,264,1.86,89
Line B,M-104,Morning,2023-10-23,497,6.83,57
Line D,M-105,Morning,2023-10-23,571,2.69,89
Line A,M-102,Morning,2023-10-24,335,1.89,45
Line B,M-105,Night,2023-10-24,155,0.47,89
Line A,M-106,Night,2023-10-24,278,1.37,45
Line B,M-106,Afternoon,2023-10-24,187,4.7,2
Line C,M-102,Afternoon,2023-10-24,428,3.02,16
Line A,M-101,Night,2023-10-24,569,2.46,58
Line A,M-101,Night,2023-10-25,117,3.65,64
Line A,M-105,Afternoon,2023-10-25,414,1.3,33
Line A,M-105,Morning,2023-10-25,142,4.38,88
Line B,M-105,Morning,2023-10-25,382,1.82,12
Line D,M-101,Night,2023-10-25,427,4.42,75
Line B,M-107,Afternoon,2023-10-25,123,2.63,13
Line B,M-107,Night,2023-10-26,186,2.77,35
Line B,M-103,Afternoon,2023-10-26,407,2.4,6
Line B,M-101,Morning,2023-10-26,565,0.43,12
Line A,M-100,Morning,2023-10-26,306,2.96,61
Line A,M-103,Night,2023-10-26,318,5.14,40
Line D,M-104,Morning,2023-10-26,401,1.65,80
Line C,M-104,Afternoon,2023-10-27,590,1.22,17
Line C,M-101,Morning,2023-10-27,409,4.4,82
Line A,M-104,Afternoon,2023-10-27,255,3.06,15
Line B,M-102,Night,2023-10-27,545,0.65,2
Line B,M-104,Afternoon,2023-10-27,542,1.68,48
Line C,M-100,Morning,2023-10-27,304,4.35,28
Line B,M-101,Night,2023-10-28,539,5.6,22
Line B,M-101,Morning,2023-10-28,570,4.16,58
Line A,M-100,Afternoon,2023-10-28,267,0.86,63
Line A,M-105,Morning,2023-10-28,315,2.41,62
Line C,M-103,Night,2023-10-28,461,3.55,32
Line B,M-107,Morning,2023-10-28,274,2.77,44
Line B,M-106,Morning,2023-10-29,472,0.75,28
Line D,M-100,Morning,2023-10-29,233,1.83,89
Line D,M-100,Afternoon,2023-10-29,319,5.04,2
Line C,M-107,Afternoon,2023-10-29,479,0.69,82
Line D,M-104,Afternoon,2023-10-29,519,2.48,8
Line D,M-102,Morning,2023-10-29,236,3.9,16
Line B,M-100,Night,2023-10-30,510,0.0,88
Line C,M-101,Afternoon,2023-10-30,480,0.59,18
Line B,M-100,Morning,2023-10-30,406,1.58,58
Line A,M-102,Night,2023-10-30,198,3.91,20
Line B,M-106,Morning,2023-10-30,395,0.0,40
Line A,M-107,Morning,2023-10-30,374,4.33,81
Line B,M-105,Night,2023-10-31,189,3.18,80
Line A,M-105,Morning,2023-10-31,569,3.92,12
Line D,M-100,Afternoon,2023-10-31,399,2.46,88
Line D,M-106,Afternoon,2023-10-31,301,2.78,38
Line C,M-102,Afternoon,2023-10-31,247,3.59,25
Line C,M-100,Night,2023-10-31,266,4.66,67
Line B,M-105,Morning,2023-11-01,406,1.92,33
Line A,M-101,Morning,2023-11-01,529,0.0,48
Line B,M-102,Morning,2023-11-01,405,5.97,59
Line B,M-104,Morning,2023-11-01,595,1.55,15
Line C,M-102,Afternoon,2023-11-01,312,3.34,67
Line B,M-104,Afternoon,2023-11-01,465,2.3,23
Line C,M-107,Night,2023-11-02,320,4.65,49
Line B,M-104,Morning,2023-11-02,477,6.79,48
Line C,M-102,Afternoon,2023-11-02,170,3.11,30
Line C,M-103,Afternoon,2023-11-02,536,5.57,38
Line B,M-107,Morning,2023-11-02,449,1.55,40
Line A,M-102,Afternoon,2023-11-02,509,1.44,36
Line A,M-106,Afternoon,2023-11-03,559,4.29,67
Line D,M-101,Night,2023-11-03,532,2.6,63
Line B,M-100,Afternoon,2023-11-03,429,0.0,46
Line A,M-104,Morning,2023-11-03,160,2.12,24
Line A,M-105,Morning,2023-11-03,323,2.91,22
Line B,M-102,Night,2023-11-03,405,3.09,60
Line C,M-100,Afternoon,2023-11-04,205,5.69,10
Line A,M-101,Afternoon,2023-11-04,382,0.08,30
Line D,M-105,Afternoon,2023-11-04,223,2.07,20
Line C,M-107,Afternoon,2023-11-04,247,5.28,56
Line A,M-102,Night,2023-11-04,301,1.61,58
Line A,M-102,Afternoon,2023-11-04,187,1.29,89
Line A,M-102,Afternoon,2023-11-05,167,0.33,6
Line B,M-104,Afternoon,2023-11-05,325,1.69,42
Line A,M-106,Morning,2023-11-05,492,0.0,24
Line C,M-107,Morning,2023-11-05,276,2.34,59
Line C,M-104,Afternoon,2023-11-05,104,0.0,68
Line D,M-106,Night,2023-11-05,313,3.64,23
Line C,M-105,Afternoon,2023-11-06,525,1.58,53
Line B,M-102,Afternoon,2023-11-06,390,3.21,89
Line B,M-104,Afternoon,2023-11-06,320,5.15,9
Line A,M-103,Night,2023-11-06,365,3.38,43
Line C,M-103,Night,2023-11-06,107,5.17,24
Line A,M-103,Afternoon,2023-11-06,552,0.0,46
Line C,M-102,Morning,2023-11-07,97,0.6,58
Line C,M-100,Morning,2023-11-07,509,0.41,38
Line D,M-103,Morning,2023-11-07,275,2.48,18
Line A,M-106,Afternoon,2023-11-07,384,0.74,81
Line A,M-102,Afternoon,2023-11-07,530,2.28,63
Line B,M-103,Night,2023-11-07,497,1.16,46
Line C,M-102,Night,2023-11-08,312,2.14,89
Line B,M-106,Afternoon,2023-11-08,451,0.59,46
Line B,M-107,Afternoon,2023-11-08,129,3.06,36
Line B,M-106,Night,2023-11-08,146,2.35,86
Line C,M-107,Afternoon,2023-11-08,466,0.0,57
Line C,M-107,Morning,2023-11-08,142,4.67,29
Line C,M-100,Night,2023-11-09,387,0.0,38
Line B,M-105,Afternoon,2023-11-09,92,2.01,7
Line A,M-101,Afternoon,2023-11-09,131,3.16,67
Line D,M-103,Afternoon,2023-11-09,595,5.6,63
Line A,M-107,Morning,2023-11-09,191,5.27,40
Line A,M-105,Night,2023-11-09,170,0.0,5
Line D,M-102,Night,2023-11-10,100,2.56,66
Line C,M-106,Afternoon,2023-11-10,262,4.72,15
Line B,M-102,Morning,2023-11-10,472,4.47,86
Line D,M-106,Night,2023-11-10,148,2.44,7
Line C,M-104,Night,2023-11-10,346,2.18,3
Line C,M-102,Afternoon,2023-11-10,230,6.23,4
Line B,M-103,Morning,2023-11-11,438,0.0,86
Line A,M-107,Morning,2023-11-11,452,0.5,18
Line A,M-107,Afternoon,2023-11-11,344,4.32,1
Line A,M-105,Night,2023-11-11,452,2.65,2
Line A,M-102,Night,2023-11-11,235,1.21,86
Line C,M-106,Morning,2023-11-11,313,2.55,9
Line B,M-100,Afternoon,2023-11-12,491,4.45,79
Line B,M-106,Afternoon,2023-11-12,103,2.38,0
Line C,M-106,Afternoon,2023-11-12,160,0.49,77
Line A,M-104,Afternoon,2023-11-12,488,4.56,29
Line D,M-103,Morning,2023-11-12,580,0.78,35
Line A,M-105,Morning,2023-11-12,105,1.57,85
Line B,M-106,Afternoon,2023-11-13,337,0.13,8
Line B,M-105,Night,2023-11-13,501,2.37,47
Line C,M-104,Night,2023-11-13,225,1.04,47
Line B,M-103,Morning,2023-11-13,138,0.0,49
Line C,M-102,Night,2023-11-13,391,1.66,33
Line D,M-101,Afternoon,2023-11-13,267,0.22,85
Line C,M-106,Afternoon,2023-11-14,114,2.82,41
Line A,M-102,Morning,2023-11-14,533,0.87,62
Line B,M-107,Night,2023-11-14,112,6.51,89
Line D,M-100,Morning,2023-11-14,327,4.5,46
Line D,M-107,Morning,2023-11-14,420,1.59,60
Line D,M-103,Morning,2023-11-14,115,6.09,32
Line C,M-107,Morning,2023-11-15,503,3.36,34
Line B,M-103,Afternoon,2023-11-15,123,0.0,31
Line D,M-104,Afternoon,2023-11-15,443,1.16,41
Line A,M-105,Morning,2023-11-15,298,0.68,77
Line A,M-100,Morning,2023-11-15,587,4.29,40
Line D,M-103,Morning,2023-11-15,414,0.64,48
Line B,M-100,Night,2023-11-16,460,2.59,74
Line B,M-106,Night,2023-11-16,278,3.29,69
Line A,M-100,Afternoon,2023-11-16,358,2.29,29
Line B,M-106,Night,2023-11-16,434,5.91,25
Line C,M-100,Afternoon,2023-11-16,309,3.19,76
Line A,M-106,Night,2023-11-16,108,0.24,59
Line A,M-102,Night,2023-11-17,516,4.52,38
Line D,M-102,Morning,2023-11-17,265,1.21,61
Line D,M-105,Night,2023-11-17,457,2.3,61
Line A,M-104,Afternoon,2023-11-17,82,2.58,77
Line B,M-102,Night,2023-11-17,543,0.0,37
Line D,M-106,Morning,2023-11-17,341,0.68,19
Line B,M-100,Morning,2023-11-18,296,3.36,80
Line D,M-101,Night,2023-11-18,474,0.75,49
Line C,M-104,Morning,2023-11-18,395,1.1,27
Line D,M-105,Morning,2023-11-18,464,0.0,74
Line D,M-106,Night,2023-11-18,135,7.15,22
Line C,M-106,Morning,2023-11-18,478,1.79,73
Line D,M-101,Night,2023-11-19,238,0.0,2
Line D,M-104,Afternoon,2023-11-19,150,1.84,11
Line C,M-106,Afternoon,2023-11-19,508,1.85,34
Line C,M-106,Night,2023-11-19,153,3.18,15
Line A,M-101,Morning,2023-11-19,353,4.55,34
Line C,M-103,Afternoon,2023-11-19,107,0.91,13
Line A,M-100,Night,2023-11-20,99,3.52,24
Line B,M-106,Morning,2023-11-20,276,4.54,88
Line C,M-104,Afternoon,2023-11-20,109,0.0,49
Line B,M-101,Afternoon,2023-11-20,496,0.99,60
Line C,M-101,Morning,2023-11-20,249,0.04,41
Line C,M-104,Morning,2023-11-20,499,4.47,72
Line D,M-105,Night,2023-11-21,387,2.97,43
Line B,M-107,Night,2023-11-21,343,3.5,34
Line B,M-101,Morning,2023-11-21,540,2.06,34
Line C,M-107,Afternoon,2023-11-21,381,1.79,54
Line C,M-103,Morning,2023-11-21,171,4.31,67
Line C,M-106,Afternoon,2023-11-21,315,1.57,45
Line D,M-100,Morning,2023-11-22,594,1.74,22
Line B,M-105,Afternoon,2023-11-22,533,0.21,73
Line B,M-105,Night,2023-11-22,157,3.01,21
Line B,M-107,Morning,2023-11-22,323,3.49,64
Line D,M-106,Night,2023-11-22,125,5.54,47
Line D,M-104,Afternoon,2023-11-22,530,0.0,76
Line A,M-105,Night,2023-11-23,423,2.76,67
Line B,M-100,Night,2023-11-23,389,0.94,4
Line C,M-106,Afternoon,2023-11-23,447,0.49,3
Line A,M-103,Morning,2023-11-23,108,1.68,51
Line B,M-106,Morning,2023-11-23,492,2.89,79
Line B,M-106,Morning,2023-11-23,222,0.0,38
Line D,M-100,Morning,2023-11-24,118,2.61,53
Line C,M-106,Night,2023-11-24,457,3.96,52
Line B,M-100,Afternoon,2023-11-24,488,0.0,81
Line B,M-107,Morning,2023-11-24,309,4.03,47
Line D,M-106,Night,2023-11-24,557,0.81,81
Line B,M-105,Afternoon,2023-11-24,375,3.54,77
Line B,M-104,Night,2023-11-25,194,1.19,58
Line C,M-101,Night,2023-11-25,420,4.33,50
Line D,M-103,Morning,2023-11-25,293,2.13,10
Line C,M-106,Night,2023-11-25,371,3.98,73
Line A,M-101,Afternoon,2023-11-25,284,0.0,2
Line A,M-102,Morning,2023-11-25,398,1.4,4
Line D,M-105,Night,2023-11-26,309,4.6,17
Line C,M-104,Morning,2023-11-26,444,1.99,45
Line B,M-100,Morning,2023-11-26,123,4.38,0
Line B,M-106,Afternoon,2023-11-26,495,0.0,52
Line D,M-104,Afternoon,2023-11-26,220,0.0,24
Line D,M-106,Night,2023-11-26,548,1.16,76
Line A,M-105,Afternoon,2023-11-27,383,0.0,68
Line A,M-102,Night,2023-11-27,421,1.5,64
Line A,M-100,Morning,2023-11-27,85,0.0,72
Line C,M-104,Morning,2023-11-27,155,0.03,24
Line D,M-101,Morning,2023-11-27,126,4.2,51
Line C,M-107,Night,2023-11-27,338,2.7,56
Line A,M-102,Night,2023-11-28,415,0.0,45
Line B,M-107,Afternoon,2023-11-28,274,5.66,82
Line D,M-102,Afternoon,2023-11-28,461,0.67,50
Line A,M-102,Afternoon,2023-11-28,108,1.88,41
Line C,M-107,Afternoon,2023-11-28,497,2.28,42
Line C,M-105,Morning,2023-11-28,349,1.9,73
Line C,M-103,Night,2023-11-29,264,2.88,55
Line C,M-103,Afternoon,2023-11-29,200,3.45,32
Line B,M-102,Afternoon,2023-11-29,331,3.85,64
Line A,M-103,Morning,2023-11-29,524,1.9,39
Line D,M-101,Morning,2023-11-29,393,1.25,51
Line C,M-105,Night,2023-11-29,154,3.35,33
Line C,M-107,Morning,2023-11-30,225,3.05,9
Line B,M-107,Afternoon,2023-11-30,216,0.0,28
Line D,M-107,Night,2023-11-30,392,2.14,21
Line B,M-101,Afternoon,2023-11-30,380,2.36,48
Line D,M-104,Morning,2023-11-30,253,4.48,51
Line B,M-101,Night,2023-11-30,292,2.12,67
Line A,M-100,Morning,2023-12-01,427,0.0,65
Line D,M-102,Afternoon,2023-12-01,427,3.0,78
Line D,M-107,Afternoon,2023-12-01,498,1.54,79
Line C,M-102,Morning,2023-12-01,97,4.18,25
Line D,M-104,Morning,2023-12-01,485,0.56,16
Line B,M-101,Afternoon,2023-12-01,531,3.61,77
Line B,M-102,Morning,2023-12-02,343,3.36,75
Line C,M-101,Morning,2023-12-02,244,2.54,58
Line D,M-101,Morning,2023-12-02,430,4.69,61
Line B,M-106,Afternoon,2023-12-02,177,2.74,16
Line D,M-104,Night,2023-12-02,251,1.71,43
Line D,M-101,Morning,2023-12-02,315,1.04,65
Line A,M-103,Night,2023-12-03,173,3.97,86
Line D,M-106,Afternoon,2023-12-03,232,1.91,75
Line B,M-105,Afternoon,2023-12-03,434,1.87,89
Line A,M-103,Night,2023-12-03,172,3.76,74
Line B,M-106,Night,2023-12-03,534,2.56,87
Line B,M-102,Morning,2023-12-03,208,0.35,89
Line B,M-101,Morning,2023-12-04,369,0.53,46
Line A,M-107,Morning,2023-12-04,434,1.73,44
Line C,M-100,Night,2023-12-04,128,7.26,0
Line D,M-105,Afternoon,2023-12-04,255,4.39,40
Line C,M-104,Afternoon,2023-12-04,431,0.72,36
Line A,M-105,Morning,2023-12-04,375,5.17,89
Line D,M-105,Night,2023-12-05,292,1.2,66
Line A,M-105,Morning,2023-12-05,297,2.92,6
Line D,M-104,Afternoon,2023-12-05,495,0.1,20
Line B,M-106,Morning,2023-12-05,203,1.4,32
Line B,M-105,Afternoon,2023-12-05,257,1.06,23
Line A,M-105,Morning,2023-12-05,480,2.86,43
Line B,M-100,Morning,2023-12-06,533,1.49,43
Line B,M-105,Morning,2023-12-06,178,4.0,30
Line B,M-104,Afternoon,2023-12-06,131,3.16,31
Line A,M-106,Afternoon,2023-12-06,551,2.86,16
Line A,M-107,Afternoon,2023-12-06,589,0.15,39
Line C,M-106,Morning,2023-12-06,246,1.36,11
Line C,M-102,Morning,2023-12-07,117,1.8,71
Line C,M-107,Morning,2023-12-07,594,0.0,58
Line A,M-106,Afternoon,2023-12-07,93,0.59,56
Line C,M-104,Night,2023-12-07,358,0.88,80
Line B,M-102,Night,2023-12-07,504,3.37,40
Line D,M-101,Night,2023-12-07,589,3.73,65
Line C,M-101,Afternoon,2023-12-08,292,0.06,26
Line C,M-104,Afternoon,2023-12-08,430,0.89,54
Line C,M-107,Afternoon,2023-12-08,470,2.67,60
Line A,M-101,Night,2023-12-08,502,2.47,47
Line D,M-104,Afternoon,2023-12-08,101,0.0,9
Line B,M-106,Night,2023-12-08,488,1.14,85
Line C,M-101,Afternoon,2023-12-09,228,2.38,34
Line A,M-105,Afternoon,2023-12-09,371,0.82,81
Line B,M-105,Night,2023-12-09,560,1.15,14
Line C,M-105,Morning,2023-12-09,103,1.57,26
Line C,M-105,Afternoon,2023-12-09,310,3.81,15
Line B,M-103,Night,2023-12-09,368,1.67,58
Line C,M-100,Afternoon,2023-12-10,320,4.56,12
Line B,M-104,Afternoon,2023-12-10,575,2.02,20
Line A,M-107,Morning,2023-12-10,477,2.51,4
Line C,M-104,Morning,2023-12-10,406,3.22,21
Line B,M-101,Morning,2023-12-10,155,2.59,46
Line A,M-103,Afternoon,2023-12-10,307,5.46,19
Line B,M-106,Night,2023-12-11,309,6.49,8
Line A,M-107,Night,2023-12-11,489,2.4,74
Line A,M-100,Night,2023-12-11,489,3.19,59
Line C,M-104,Afternoon,2023-12-11,198,5.16,44
Line C,M-105,Morning,2023-12-11,193,3.48,69
Line A,M-106,Night,2023-12-11,547,3.22,72
Line B,M-102,Morning,2023-12-12,337,4.72,54
Line C,M-103,Afternoon,2023-12-12,331,2.48,10
Line C,M-101,Night,2023-12-12,473,2.33,15
Line A,M-106,Afternoon,2023-12-12,562,4.39,75
Line A,M-106,Afternoon,2023-12-12,546,1.01,35
Line B,M-107,Morning,2023-12-12,462,0.84,47
Line B,M-103,Morning,2023-12-13,554,0.09,43
Line A,M-101,Afternoon,2023-12-13,570,2.32,48
Line D,M-105,Afternoon,2023-12-13,364,2.21,67
Line D,M-104,Night,2023-12-13,282,2.41,0
Line A,M-105,Afternoon,2023-12-13,380,4.01,19
Line A,M-102,Night,2023-12-13,98,2.81,60
Line A,M-107,Morning,2023-12-14,523,3.03,85
Line C,M-103,Afternoon,2023-12-14,174,3.48,14
Line A,M-103,Afternoon,2023-12-14,238,3.18,79
Line B,M-107,Afternoon,2023-12-14,267,0.93,32
Line C,M-101,Night,2023-12-14,383,1.75,37
Line A,M-103,Night,2023-12-14,348,1.43,67
Line C,M-103,Night,2023-12-15,431,4.05,14
Line A,M-106,Morning,2023-12-15,304,2.98,89
Line C,M-100,Morning,2023-12-15,380,2.25,12
Line D,M-102,Morning,2023-12-15,485,1.01,34
Line B,M-106,Night,2023-12-15,309,1.97,44
Line C,M-102,Afternoon,2023-12-15,286,1.82,44
Line C,M-101,Morning,2023-12-16,585,0.58,66
Line C,M-105,Morning,2023-12-16,464,2.48,75
Line A,M-100,Afternoon,2023-12-16,539,3.67,58
Line C,M-104,Morning,2023-12-16,434,4.11,65
Line B,M-101,Night,2023-12-16,317,2.03,2
Line D,M-103,Night,2023-12-16,276,3.91,63
Line A,M-100,Afternoon,2023-12-17,176,1.66,74
Line B,M-105,Afternoon,2023-12-17,199,3.27,53
Line D,M-106,Night,2023-12-17,91,1.07,5
Line B,M-100,Morning,2023-12-17,593,3.69,56
Line C,M-104,Afternoon,2023-12-17,301,2.92,12
Line A,M-103,Morning,2023-12-17,515,0.22,41
Line A,M-101,Morning,2023-12-18,85,2.05,11
Line B,M-100,Afternoon,2023-12-18,412,1.59,25
Line C,M-102,Afternoon,2023-12-18,368,3.21,44
Line B,M-103,Afternoon,2023-12-18,203,1.97,23
Line B,M-101,Morning,2023-12-18,257,2.81,26
Line D,M-101,Morning,2023-12-18,554,3.25,86
Line D,M-103,Afternoon,2023-12-19,232,2.59,74
Line B,M-100,Morning,2023-12-19,358,0.67,54
Line A,M-100,Afternoon,2023-12-19,428,0.0,38
Line A,M-102,Afternoon,2023-12-19,450,4.78,35
Line B,M-103,Morning,2023-12-19,422,2.33,83
Line B,M-101,Morning,2023-12-19,357,0.0,78
Line B,M-101,Morning,2023-12-20,96,2.72,36
Line C,M-100,Afternoon,2023-12-20,333,5.33,48
Line C,M-101,Morning,2023-12-20,563,2.4,36
Line A,M-103,Morning,2023-12-20,521,0.67,28
Line A,M-103,Afternoon,2023-12-20,279,0.49,36
Line A,M-106,Afternoon,2023-12-20,364,5.2,40
Line C,M-100,Afternoon,2023-12-21,546,2.71,2
Line B,M-101,Morning,2023-12-21,502,6.72,18
Line A,M-106,Night,2023-12-21,173,3.57,66
Line C,M-107,Morning,2023-12-21,199,2.16,78
Line C,M-103,Morning,2023-12-21,168,3.15,89
Line B,M-105,Night,2023-12-21,202,0.0,0
Line B,M-102,Afternoon,2023-12-22,438,2.97,13
Line A,M-105,Morning,2023-12-22,390,2.33,7
Line C,M-101,Afternoon,2023-12-22,216,4.2,15
Line D,M-105,Night,2023-12-22,527,0.38,46
Line B,M-102,Morning,2023-12-22,551,1.91,23
Line A,M-107,Afternoon,2023-12-22,392,4.63,2
Line A,M-107,Morning,2023-12-23,141,0.0,40
Line A,M-101,Night,2023-12-23,389,0.0,67
Line B,M-102,Afternoon,2023-12-23,146,1.36,63
Line A,M-104,Afternoon,2023-12-23,197,2.87,3
Line C,M-107,Morning,2023-12-23,336,1.13,4
Line A,M-104,Morning,2023-12-23,148,6.06,48
Line B,M-105,Afternoon,2023-12-24,230,3.74,77
Line C,M-101,Night,2023-12-24,151,1.29,64
Line D,M-104,Afternoon,2023-12-24,188,3.67,45
Line B,M-100,Morning,2023-12-24,122,3.84,5
Line B,M-101,Night,2023-12-24,468,0.89,9
Line A,M-107,Afternoon,2023-12-24,549,4.68,37
Line B,M-105,Night,2023-12-25,151,2.81,15
Line B,M-102,Afternoon,2023-12-25,93,2.89,59
Line B,M-102,Afternoon,2023-12-25,151,1.23,67
Line C,M-102,Afternoon,2023-12-25,300,3.53,31
Line B,M-105,Night,2023-12-25,573,2.51,44
Line B,M-103,Morning,2023-12-25,380,3.97,77
Line C,M-101,Night,2023-12-26,190,1.46,57
Line C,M-103,Night,2023-12-26,201,1.2,12
Line A,M-102,Morning,2023-12-26,525,0.0,67
Line C,M-101,Morning,2023-12-26,542,0.0,38
Line C,M-103,Morning,2023-12-26,285,2.29,57
Line C,M-103,Morning,2023-12-26,324,0.81,72
Line B,M-100,Morning,2023-12-27,369,1.1,22
Line B,M-106,Afternoon,2023-12-27,327,1.61,4
Line B,M-102,Afternoon,2023-12-27,379,1.74,1
Line D,M-102,Afternoon,2023-12-27,574,1.88,88
Line A,M-104,Night,2023-12-27,291,0.73,27
Line B,M-102,Morning,2023-12-27,83,0.39,5
Line A,M-106,Afternoon,2023-12-28,297,0.84,46
Line D,M-101,Night,2023-12-28,445,2.46,18
Line B,M-104,Afternoon,2023-12-28,422,4.53,43
Line B,M-105,Afternoon,2023-12-28,353,2.76,27
Line B,M-104,Afternoon,2023-12-28,578,1.23,47
Line A,M-101,Night,2023-12-28,357,0.62,3
Line A,M-107,Morning,2023-12-29,489,1.34,21
Line A,M-105,Morning,2023-12-29,186,2.52,15
Line B,M-103,Afternoon,2023-12-29,404,1.68,68
Line A,M-107,Morning,2023-12-29,287,3.3,41
Line A,M-107,Morning,2023-12-29,358,1.62,21
Line D,M-106,Morning,2023-12-29,503,3.32,13
Line A,M-106,Afternoon,2023-12-30,396,5.31,13
Line B,M-107,Morning,2023-12-30,570,1.08,16
Line B,M-106,Morning,2023-12-30,130,1.6,75
Line D,M-107,Night,2023-12-30,517,4.71,68
Line C,M-105,Afternoon,2023-12-30,144,3.35,85
Line D,M-101,Morning,2023-12-30,585,2.53,28
Line A,M-102,Afternoon,2023-12-31,300,5.51,10
Line A,M-106,Morning,2023-12-31,553,2.71,10
Line B,M-106,Morning,2023-12-31,224,2.88,47
Line B,M-103,Night,2023-12-31,98,1.98,21
Line B,M-106,Morning,2023-12-31,212,2.35,81
Line C,M-107,Night,2023-12-31,184,6.69,57
Line B,M-107,Night,2024-01-01,357,4.13,25
Line B,M-105,Night,2024-01-01,420,2.64,32
Line D,M-100,Night,2024-01-01,581,2.73,23
Line B,M-101,Afternoon,2024-01-01,424,3.84,46
Line B,M-100,Afternoon,2024-01-01,326,4.45,38
Line B,M-103,Afternoon,2024-01-01,371,4.48,6
Line C,M-101,Night,2024-01-02,504,3.8,53
Line D,M-106,Night,2024-01-02,458,2.6,10
Line B,M-107,Morning,2024-01-02,450,1.51,4
Line A,M-106,Afternoon,2024-01-02,452,2.04,73
Line A,M-105,Afternoon,2024-01-02,427,3.85,39
Line B,M-100,Afternoon,2024-01-02,342,2.46,89
Line B,M-106,Night,2024-01-03,352,3.61,19
Line B,M-102,Afternoon,2024-01-03,348,2.07,53
Line B,M-100,Afternoon,2024-01-03,241,0.35,85
Line B,M-104,Morning,2024-01-03,179,1.19,19
Line C,M-103,Morning,2024-01-03,415,2.38,8
Line C,M-101,Night,2024-01-03,155,0.0,48
Line C,M-104,Afternoon,2024-01-04,154,4.15,7
Line C,M-105,Morning,2024-01-04,258,3.74,30
Line A,M-106,Afternoon,2024-01-04,193,6.06,26
Line A,M-105,Morning,2024-01-04,175,1.26,7
Line B,M-100,Night,2024-01-04,525,2.07,73
Line B,M-105,Morning,2024-01-04,403,1.97,83
Line B,M-102,Afternoon,2024-01-05,191,3.28,86
Line A,M-106,Morning,2024-01-05,283,2.82,11
Line C,M-103,Afternoon,2024-01-05,353,3.13,63
Line B,M-101,Morning,2024-01-05,534,1.11,0
Line A,M-105,Afternoon,2024-01-05,146,0.94,78
Line A,M-102,Afternoon,2024-01-05,546,2.18,67
Line D,M-107,Night,2024-01-06,478,0.16,2
Line C,M-107,Afternoon,2024-01-06,108,0.7,47
Line C,M-106,Afternoon,2024-01-06,328,4.14,20
Line C,M-105,Afternoon,2024-01-06,151,2.44,31
Line A,M-103,Afternoon,2024-01-06,350,3.71,12
Line C,M-103,Morning,2024-01-06,543,3.76,56
Line C,M-106,Night,2024-01-07,519,2.95,25
Line C,M-101,Night,2024-01-07,113,6.14,88
Line B,M-106,Night,2024-01-07,132,5.86,50
Line B,M-102,Morning,2024-01-07,487,0.39,0
Line A,M-102,Night,2024-01-07,588,0.55,29
Line A,M-102,Afternoon,2024-01-07,292,2.74,58
Line A,M-103,Night,2024-01-08,564,2.52,56
Line A,M-105,Morning,2024-01-08,91,4.18,14
Line D,M-105,Afternoon,2024-01-08,293,1.51,67
Line B,M-105,Morning,2024-01-08,240,0.27,59
Line B,M-104,Afternoon,2024-01-08,344,1.57,64
Line B,M-105,Afternoon,2024-01-08,294,3.96,29
Line B,M-103,Afternoon,2024-01-09,502,2.69,78
Line C,M-101,Afternoon,2024-01-09,177,3.55,10
Line A,M-104,Night,2024-01-09,185,1.21,69
Line A,M-100,Afternoon,2024-01-09,98,2.61,82
Line D,M-104,Night,2024-01-09,472,3.42,24
Line A,M-104,Night,2024-01-09,121,5.24,36
Line C,M-104,Afternoon,2024-01-10,202,2.48,30
Line B,M-106,Morning,2024-01-10,269,0.35,21
Line A,M-104,Afternoon,2024-01-10,482,2.93,89
Line C,M-104,Afternoon,2024-01-10,388,4.82,24
Line B,M-107,Morning,2024-01-10,278,3.73,59
Line B,M-104,Night,2024-01-10,337,1.58,24
Line D,M-100,Afternoon,2024-01-11,550,3.33,64
Line A,M-101,Night,2024-01-11,228,2.31,24
Line A,M-102,Night,2024-01-11,248,2.45,4
Line B,M-106,Morning,2024-01-11,524,1.2,58
Line B,M-105,Night,2024-01-11,148,2.3,18
Line B,M-105,Morning,2024-01-11,364,0.67,0
Line D,M-107,Afternoon,2024-01-12,253,1.76,19
Line A,M-101,Morning,2024-01-12,247,2.17,53
Line B,M-102,Morning,2024-01-12,356,3.54,68
Line C,M-105,Afternoon,2024-01-12,125,3.09,36
Line B,M-106,Afternoon,2024-01-12,246,3.43,51
Line C,M-106,Night,2024-01-12,398,2.87,48
Line B,M-107,Morning,2024-01-13,122,3.88,12
Line A,M-101,Night,2024-01-13,409,3.87,25
Line C,M-101,Afternoon,2024-01-13,232,4.15,76
Line A,M-105,Night,2024-01-13,452,1.11,47
Line B,M-105,Afternoon,2024-01-13,123,0.01,58
Line A,M-105,Afternoon,2024-01-13,338,2.75,56
Line D,M-103,Night,2024-01-14,294,4.21,56
Line C,M-106,Afternoon,2024-01-14,357,2.4,4
Line A,M-104,Night,2024-01-14,114,2.18,55
Line A,M-102,Morning,2024-01-14,322,1.87,15
Line D,M-101,Afternoon,2024-01-14,385,2.12,69
Line C,M-106,Morning,2024-01-14,437,1.12,34
Line B,M-100,Afternoon,2024-01-15,121,3.46,48
Line B,M-100,Morning,2024-01-15,134,2.34,82
Line C,M-103,Afternoon,2024-01-15,160,3.35,19
Line C,M-105,Night,2024-01-15,275,0.0,37
Line A,M-106,Morning,2024-01-15,355,1.55,55
Line C,M-105,Afternoon,2024-01-15,165,3.03,55
Line A,M-100,Morning,2024-01-16,217,2.76,7
Line B,M-100,Morning,2024-01-16,367,3.71,28
Line A,M-102,Morning,2024-01-16,201,2.66,56
Line A,M-101,Morning,2024-01-16,191,4.2,8
Line B,M-101,Afternoon,2024-01-16,214,0.0,12
Line A,M-102,Afternoon,2024-01-16,362,1.49,87
Line C,M-101,Night,2024-01-17,596,2.22,22
Line B,M-100,Morning,2024-01-17,123,3.73,33
Line B,M-104,Afternoon,2024-01-17,266,3.73,17
Line B,M-107,Morning,2024-01-17,298,1.08,7
Line B,M-104,Afternoon,2024-01-17,500,4.39,59
Line C,M-107,Morning,2024-01-17,246,0.96,9
Line D,M-101,Afternoon,2024-01-18,208,5.18,64
Line A,M-101,Afternoon,2024-01-18,239,2.73,62
Line B,M-105,Afternoon,2024-01-18,230,2.87,62
Line D,M-104,Morning,2024-01-18,568,3.16,67
Line B,M-107,Afternoon,2024-01-18,519,1.96,32
Line B,M-107,Night,2024-01-18,372,0.37,79
Line C,M-104,Morning,2024-01-19,430,5.13,2
Line A,M-102,Night,2024-01-19,98,0.36,15
Line A,M-100,Afternoon,2024-01-19,216,3.18,6
Line C,M-102,Afternoon,2024-01-19,406,2.27,73
Line B,M-106,Morning,2024-01-19,441,0.0,63
Line C,M-100,Afternoon,2024-01-19,332,0.0,70
Line D,M-104,Afternoon,2024-01-20,241,0.82,30
Line B,M-107,Morning,2024-01-20,534,5.01,67
Line C,M-104,Afternoon,2024-01-20,523,2.57,73
Line A,M-100,Morning,2024-01-20,357,0.85,80
Line A,M-100,Afternoon,2024-01-20,461,0.0,15
Line D,M-103,Afternoon,2024-01-20,454,6.72,7
Line A,M-105,Morning,2024-01-21,128,3.87,35
Line A,M-107,Night,2024-01-21,392,2.1,47
Line B,M-101,Morning,2024-01-21,86,3.14,4
Line C,M-100,Afternoon,2024-01-21,458,1.47,80
Line A,M-100,Morning,2024-01-21,164,4.82,85
Line B,M-102,Night,2024-01-21,364,5.52,30
Line D,M-106,Morning,2024-01-22,85,3.92,28
Line D,M-101,Afternoon,2024-01-22,363,5.02,16
Line D,M-101,Afternoon,2024-01-22,247,2.63,67
Line D,M-105,Morning,2024-01-22,469,1.75,86
Line A,M-105,Night,2024-01-22,345,1.74,47
Line A,M-100,Afternoon,2024-01-22,437,0.0,45
Line D,M-100,Morning,2024-01-23,324,2.9,21
Line A,M-102,Afternoon,2024-01-23,472,5.58,45
Line C,M-102,Night,2024-01-23,247,3.62,63
Line B,M-104,Morning,2024-01-23,282,3.78,42
Line B,M-102,Afternoon,2024-01-23,432,0.0,23
Line C,M-102,Afternoon,2024-01-23,204,0.0,2
Line D,M-105,Afternoon,2024-01-24,487,0.62,86
Line B,M-102,Afternoon,2024-01-24,187,2.25,42
Line A,M-105,Night,2024-01-24,265,0.0,66
Line C,M-100,Morning,2024-01-24,591,2.8,50
Line A,M-103,Afternoon,2024-01-24,464,2.11,71
Line B,M-105,Morning,2024-01-24,490,1.46,60
Line B,M-103,Night,2024-01-25,275,4.31,85
Line A,M-104,Morning,2024-01-25,365,2.06,78
Line A,M-102,Morning,2024-01-25,442,0.0,83
Line C,M-101,Afternoon,2024-01-25,449,2.58,13
Line A,M-101,Morning,2024-01-25,556,2.62,52
Line D,M-104,Morning,2024-01-25,183,2.29,62
Line B,M-107,Night,2024-01-26,568,3.13,5
Line D,M-100,Morning,2024-01-26,232,3.12,86
Line A,M-106,Night,2024-01-26,185,1.96,4
Line D,M-103,Night,2024-01-26,120,5.08,58
Line A,M-104,Night,2024-01-26,545,2.88,40
Line B,M-104,Night,2024-01-26,201,5.06,1
Line B,M-101,Morning,2024-01-27,108,0.0,13
Line D,M-105,Morning,2024-01-27,202,4.14,4
Line A,M-100,Morning,2024-01-27,304,5.89,5
Line B,M-104,Night,2024-01-27,398,2.66,10
Line A,M-107,Afternoon,2024-01-27,561,5.31,41
Line D,M-102,Night,2024-01-27,559,3.28,70
Line B,M-104,Afternoon,2024-01-28,252,3.41,16
Line C,M-102,Morning,2024-01-28,557,1.39,75
Line B,M-102,Morning,2024-01-28,176,1.14,81
Line B,M-100,Night,2024-01-28,134,6.32,17
Line C,M-107,Afternoon,2024-01-28,176,3.22,65
Line B,M-102,Night,2024-01-28,117,1.03,3
Line D,M-107,Night,2024-01-29,451,2.97,74
Line D,M-100,Afternoon,2024-01-29,336,3.56,25
Line A,M-101,Afternoon,2024-01-29,368,2.09,82
Line A,M-107,Morning,2024-01-29,472,2.32,61
Line C,M-101,Afternoon,2024-01-29,186,2.06,32
Line C,M-102,Afternoon,2024-01-29,270,2.23,62
Line B,M-100,Morning,2024-01-30,390,0.0,72
Line B,M-106,Night,2024-01-30,88,1.45,7
Line A,M-106,Night,2024-01-30,183,1.86,25
Line A,M-100,Afternoon,2024-01-30,391,3.0,16
Line D,M-101,Night,2024-01-30,457,0.0,57
Line A,M-107,Afternoon,2024-01-30,577,1.45,83
Line C,M-106,Afternoon,2024-01-31,95,1.57,16
Line D,M-106,Night,2024-01-31,577,1.81,22
Line C,M-104,Afternoon,2024-01-31,127,3.05,72
Line A,M-104,Night,2024-01-31,122,0.27,54
Line A,M-100,Night,2024-01-31,101,2.6,29
Line C,M-105,Morning,2024-01-31,150,3.67,84
Line A,M-104,Night,2024-02-01,451,2.35,37
Line A,M-101,Morning,2024-02-01,267,0.92,54
Line A,M-106,Afternoon,2024-02-01,85,1.87,40
Line A,M-103,Afternoon,2024-02-01,321,0.0,13
Line C,M-102,Night,2024-02-01,357,1.93,85
Line A,M-102,Morning,2024-02-01,520,1.24,81
Line C,M-101,Morning,2024-02-02,560,1.29,15
Line A,M-100,Night,2024-02-02,167,2.0,75
Line A,M-104,Afternoon,2024-02-02,430,1.78,9
Line C,M-100,Morning,2024-02-02,590,3.19,40
Line C,M-103,Morning,2024-02-02,381,0.52,17
Line A,M-105,Night,2024-02-02,209,2.64,88
Line D,M-107,Night,2024-02-03,469,2.51,13
Line D,M-107,Night,2024-02-03,579,2.11,65
Line B,M-107,Morning,2024-02-03,543,3.0,61
Line A,M-102,Night,2024-02-03,307,4.78,64
Line C,M-100,Afternoon,2024-02-03,357,3.5,32
Line B,M-104,Morning,2024-02-03,151,0.29,25
Line B,M-101,Night,2024-02-04,116,0.29,82
Line B,M-104,Morning,2024-02-04,104,6.24,68
Line D,M-101,Night,2024-02-04,110,1.58,22
Line C,M-104,Afternoon,2024-02-04,513,7.38,24
Line B,M-105,Night,2024-02-04,462,2.12,30
Line A,M-100,Afternoon,2024-02-04,146,2.74,85
Line C,M-101,Afternoon,2024-02-05,581,3.9,4
Line B,M-105,Night,2024-02-05,380,3.28,87
Line A,M-106,Morning,2024-02-05,304,1.8,17
Line B,M-107,Night,2024-02-05,335,0.87,41
Line D,M-101,Morning,2024-02-05,130,1.92,16
Line C,M-105,Night,2024-02-05,175,2.77,3
